ScaleVector2D,8.12846479415894,1.76256557456721,67108864
ScaleVector3D,4.64868450164795,0.0680443062001066,67108864
MultiplyVector2D,6.42360153198242,0.122671074835594,67108864
MultiplyVector3D,4.7135290145874,0.059188290797294,67108864
TranslateVector2D,7.37816162109375,1.05469069655755,67108864
TranslateVector3D,4.88027486801147,0.130711425589915,67108864
SubtractVector2D,6.25510635375977,0.0978829419042205,67108864
SubtractVector3D,7.22873134613037,2.2614533401212,67108864
LengthVector2D,4.80788888931274,0.0734948119061051,67108864
LengthVector3D,4.2820499420166,0.0714322043424211,67108864
DotProductVector2D,5.21314239501953,0.149833819308689,67108864
DotProductVector3D,5.09899435043335,0.284905219716724,67108864
